question_id,question,flat_rag_answer,flat_rag_docs,graph_rag_answer,graph_rag_docs,graph_paths,which_is_better,reason
1,How are electric vehicle adoption and charging infrastructure connected in the corpus?,"And for that, they need a robust and reliable charging infrastructure. Access to EV charging will increase significantly in the coming years as a result of government initiatives put in place as part of the Bipartisan Infrastructure Law, including an investment of up to $7.5 billion to build out a national network of electric vehicle chargers along highways, and in communities and neighborhoods. Infrastructure Availability
All-electric vehicles and PHEVs have the benefit of flexible charging because the electric grid is near most locations where people park.",doc_54.txt; doc_8.txt; doc_17.txt,"Graph context: charging infrastructure --USES_TECHNOLOGY--> electric vehicle; electric vehicle --USES_TECHNOLOGY--> Independent Electrical Contractors Electric Vehicle Charging; Bipartisan Infrastructure Law --INVESTS_IN--> electric vehicle; Electric Vehicle Charging Stations --USES_TECHNOLOGY--> electric vehicle; Infrastructure Investment and Jobs Act --INVESTS_IN--> electric vehicle; National Electric Vehicle Infrastructure --USES_TECHNOLOGY--> electric vehicle; electric vehicle --ACQUIRES|AFFECTED_BY|COMPETES_WITH|DEVELOPS|FOUNDED_IN|HAS_MARKET|INVESTS_IN|LOCATED_IN|REGULATED_BY|RELATED_TO|RESTRICTS|SUPPLIES_TO|USES_TECHNOLOGY--> electric vehicles; China --AFFECTED_BY|DEVELOPS|HAS_MARKET|LOCATED_IN|RELATED_TO|USES_TECHNOLOGY--> electric vehicle; electric vehicle --AFFECTED_BY|DEVELOPS|REGULATED_BY|USES_TECHNOLOGY--> battery; batteries --DEVELOPS|LOCATED_IN|RELATED_TO|USES_TECHNOLOGY--> electric vehicle Evidence: ↵
7 Nature Energy, Charging infrastructure access and operation to reduce the grid impacts of deep electric vehicle adoption, September 22, 2022. ↵
7 Nature Energy, Charging infrastructure access and operation to reduce the grid impacts of deep electric vehicle adoption, September 22, 2022. ↵
7 Nature Energy, Charging infrastructure access and operation to reduce the grid impacts of deep electric vehicle adoption, September 22, 2022.",doc_8.txt; doc_27.txt; doc_29.txt; doc_48.txt; doc_2.txt; doc_57.txt; doc_6.txt; doc_43.txt,charging infrastructure --USES_TECHNOLOGY--> electric vehicle; electric vehicle --USES_TECHNOLOGY--> Independent Electrical Contractors Electric Vehicle Charging; Bipartisan Infrastructure Law --INVESTS_IN--> electric vehicle; Electric Vehicle Charging Stations --USES_TECHNOLOGY--> electric vehicle; Infrastructure Investment and Jobs Act --INVESTS_IN--> electric vehicle; National Electric Vehicle Infrastructure --USES_TECHNOLOGY--> electric vehicle; electric vehicle --ACQUIRES|AFFECTED_BY|COMPETES_WITH|DEVELOPS|FOUNDED_IN|HAS_MARKET|INVESTS_IN|LOCATED_IN|REGULATED_BY|RELATED_TO|RESTRICTS|SUPPLIES_TO|USES_TECHNOLOGY--> electric vehicles; China --AFFECTED_BY|DEVELOPS|HAS_MARKET|LOCATED_IN|RELATED_TO|USES_TECHNOLOGY--> electric vehicle,GraphRAG,"GraphRAG exposes entity-relation paths, which is stronger for this multi-hop style question."
2,Which policies or incentives are linked to electric vehicle market growth?,"The analysis finds that regulations that require greater electric vehicle model availability are essential to market growth. This policy shift is expected to have far-reaching implications for the electric vehicle market and the secondary battery industry, both of which have been heavily reliant on government incentives to drive growth. Ambitious policies continue to be critical to growth in electric vehicle markets worldwide.",doc_1.txt; doc_31.txt; doc_18.txt,"Graph context: electric vehicle --ACQUIRES|AFFECTED_BY|COMPETES_WITH|DEVELOPS|FOUNDED_IN|HAS_MARKET|INVESTS_IN|LOCATED_IN|REGULATED_BY|RELATED_TO|RESTRICTS|SUPPLIES_TO|USES_TECHNOLOGY--> electric vehicles; China --AFFECTED_BY|DEVELOPS|HAS_MARKET|LOCATED_IN|RELATED_TO|USES_TECHNOLOGY--> electric vehicle; Polestar --DEVELOPS|HAS_MARKET|PARTNERS_WITH|SUPPLIES_TO--> electric vehicle; Tesla --AFFECTED_BY|DEVELOPS|HAS_MARKET|RELATED_TO--> electric vehicle; electric vehicle --HAS_MARKET|RELATED_TO|USES_TECHNOLOGY--> batteries; electric vehicle --HAS_MARKET|LOCATED_IN--> United States; Are Chinese --HAS_MARKET|RELATED_TO--> electric vehicle; Electric Vehicles --HAS_MARKET|RELATED_TO--> electric vehicle; Nio --HAS_MARKET|RELATED_TO--> electric vehicle; United States --HAS_MARKET|RELATED_TO--> electric vehicle Evidence: This policy shift is expected to have far-reaching implications for the electric vehicle market and the secondary battery industry, both of which have been heavily reliant on government incentives to drive growth. This uptick in incentives further enhances the affordability and attractiveness of electric vehicles in the market. This sustained growth in deliveries also secured our position as the best-selling brand in the battery electric vehicle market segment priced over RMB200,000 in China.",doc_2.txt; doc_57.txt; doc_12.txt; doc_24.txt; doc_30.txt; doc_52.txt; doc_1.txt; doc_43.txt,electric vehicle --ACQUIRES|AFFECTED_BY|COMPETES_WITH|DEVELOPS|FOUNDED_IN|HAS_MARKET|INVESTS_IN|LOCATED_IN|REGULATED_BY|RELATED_TO|RESTRICTS|SUPPLIES_TO|USES_TECHNOLOGY--> electric vehicles; China --AFFECTED_BY|DEVELOPS|HAS_MARKET|LOCATED_IN|RELATED_TO|USES_TECHNOLOGY--> electric vehicle; Polestar --DEVELOPS|HAS_MARKET|PARTNERS_WITH|SUPPLIES_TO--> electric vehicle; Tesla --AFFECTED_BY|DEVELOPS|HAS_MARKET|RELATED_TO--> electric vehicle; electric vehicle --HAS_MARKET|RELATED_TO|USES_TECHNOLOGY--> batteries; electric vehicle --HAS_MARKET|LOCATED_IN--> United States; Are Chinese --HAS_MARKET|RELATED_TO--> electric vehicle; Electric Vehicles --HAS_MARKET|RELATED_TO--> electric vehicle,GraphRAG,"GraphRAG exposes entity-relation paths, which is stronger for this multi-hop style question."
3,What relationship does the corpus show between the United States and China in technology trade?,"November 13, 2024: US Advisory Panel Recommends Repealing China’s Preferential Trade Status
China’s preferential trade status, a cornerstone of its economic growth, is under renewed scrutiny in the United States. Day 405: March 1, 2022 – The United States Trade Representative (USTR) doubles down on competition with China in annual report
The United States Trade Representative (USTR) has said that it will realign its trade policies toward China in its 2022 Trade Policy Agenda and 2021 Annual Report, which details the work the organization will do to implement the Biden Administration’s trade policies. relations.” The White House readout states that the US’ stance on the “one China policy has not changed”, but that “the United States opposes any unilateral changes to the status quo by either side, and the world has an interest in the maintenance of peace and stability in the Taiwan Strait.”
With regard to trade and economic development, the Chinese side criticized US trade policies and warned against decoupling, with the MOFA readout stating that “Starting a trade war or a technology war, buil",doc_42.txt,"Graph context: China --COMPETES_WITH|REGULATED_BY|USES_TECHNOLOGY--> China and the United States; China --RELATED_TO|USES_TECHNOLOGY--> Europe and the United States; China --AFFECTED_BY|COMPETES_WITH|DEVELOPS|FOUNDED_IN|HAS_MARKET|INVESTS_IN|LOCATED_IN|PARTNERS_WITH|RELATED_TO--> United States; United States --COMPETES_WITH|HAS_MARKET|LOCATED_IN|REGULATED_BY|RELATED_TO--> China; United States and China --COMPETES_WITH--> China; United States and Europe --DEVELOPS--> China; batteries --AFFECTED_BY|COMPETES_WITH|DEVELOPS|HAS_MARKET|INVESTS_IN|LOCATED_IN|USES_TECHNOLOGY--> China; China --AFFECTED_BY|DEVELOPS|HAS_MARKET|LOCATED_IN|RELATED_TO|USES_TECHNOLOGY--> electric vehicle; battery --AFFECTED_BY|DEVELOPS|INVESTS_IN|PARTNERS_WITH|USES_TECHNOLOGY--> China; Europe --AFFECTED_BY|HAS_MARKET|LOCATED_IN|RELATED_TO|USES_TECHNOLOGY--> China Evidence: relations.” The White House readout states that the US’ stance on the “one China policy has not changed”, but that “the United States opposes any unilateral changes to the status quo by either side, and the world has an interest in the maintenance of peace and stability in the Taiwan Strait.”
With regard to trade and economic development, the Chinese side criticized US trade policies and warned ag relations.” The White House readout states that the US’ stance on the “one China policy has not changed”, but that “the United States opposes any",doc_42.txt; doc_18.txt; doc_64.txt; doc_9.txt; doc_28.txt; doc_69.txt; doc_43.txt; doc_66.txt,China --COMPETES_WITH|REGULATED_BY|USES_TECHNOLOGY--> China and the United States; China --RELATED_TO|USES_TECHNOLOGY--> Europe and the United States; China --AFFECTED_BY|COMPETES_WITH|DEVELOPS|FOUNDED_IN|HAS_MARKET|INVESTS_IN|LOCATED_IN|PARTNERS_WITH|RELATED_TO--> United States; United States --COMPETES_WITH|HAS_MARKET|LOCATED_IN|REGULATED_BY|RELATED_TO--> China; United States and China --COMPETES_WITH--> China; United States and Europe --DEVELOPS--> China; batteries --AFFECTED_BY|COMPETES_WITH|DEVELOPS|HAS_MARKET|INVESTS_IN|LOCATED_IN|USES_TECHNOLOGY--> China; China --AFFECTED_BY|DEVELOPS|HAS_MARKET|LOCATED_IN|RELATED_TO|USES_TECHNOLOGY--> electric vehicle,GraphRAG,"GraphRAG exposes entity-relation paths, which is stronger for this multi-hop style question."
4,Which companies or organizations are connected to battery supply chains?,"Companies like BYD not only manufacture EVs but also produce their batteries, which helps in reducing costs and ensuring supply chain security. The United States must lead an alliance of like-minded nations to build alternative EV battery input supply chains outside of Chinese control. The United States must lead an alliance of like-minded nations to build alternative EV battery input supply chains outside of Chinese control.",doc_64.txt; doc_66.txt; doc_43.txt,"Graph context: supply chain --AFFECTED_BY|COMPETES_WITH|SUPPLIES_TO--> battery; battery --PARTNERS_WITH|SUPPLIES_TO--> supply chain; Vertical Integration and Supply Chain Control --SUPPLIES_TO--> battery; battery --AFFECTED_BY|DEVELOPS|INVESTS_IN|PARTNERS_WITH|USES_TECHNOLOGY--> China; battery --COMPETES_WITH|DEVELOPS|INVESTS_IN|USES_TECHNOLOGY--> batteries; battery --COMPETES_WITH|DEVELOPS|SUPPLIES_TO|USES_TECHNOLOGY--> CATL; BYD --DEVELOPS|PARTNERS_WITH|SUPPLIES_TO|USES_TECHNOLOGY--> battery; China --COMPETES_WITH|DEVELOPS|SUPPLIES_TO|USES_TECHNOLOGY--> battery; Chinese EV --AFFECTED_BY|DEVELOPS|INVESTS_IN|USES_TECHNOLOGY--> battery; electric vehicle --AFFECTED_BY|DEVELOPS|REGULATED_BY|USES_TECHNOLOGY--> battery Evidence: US will not be able to influence a global restructuring of automotive supply chains
We do not expect future US rules to weigh on China’s growing clout in the EV manufacturing process, given the latter’s dominance of new-energy vehicles (NEVs)—an umbrella term that includes battery EVs, plug-in hybrids and hydrogen fuel-cell vehicles. US will not be able to influence a global restructuring of automotive supply chains
We do not expect future US rules to weigh on China’s growing clout in the EV manufacturing process, given the latter’s dominance of new-energy vehicles (NEVs)—an umbrella term that includes battery EVs, plug-in hybrids and hydrogen fuel-cell vehi",doc_25.txt; doc_43.txt; doc_66.txt; doc_64.txt; doc_14.txt; doc_15.txt; doc_7.txt; doc_65.txt,supply chain --AFFECTED_BY|COMPETES_WITH|SUPPLIES_TO--> battery; battery --PARTNERS_WITH|SUPPLIES_TO--> supply chain; Vertical Integration and Supply Chain Control --SUPPLIES_TO--> battery; battery --AFFECTED_BY|DEVELOPS|INVESTS_IN|PARTNERS_WITH|USES_TECHNOLOGY--> China; battery --COMPETES_WITH|DEVELOPS|INVESTS_IN|USES_TECHNOLOGY--> batteries; battery --COMPETES_WITH|DEVELOPS|SUPPLIES_TO|USES_TECHNOLOGY--> CATL; BYD --DEVELOPS|PARTNERS_WITH|SUPPLIES_TO|USES_TECHNOLOGY--> battery; China --COMPETES_WITH|DEVELOPS|SUPPLIES_TO|USES_TECHNOLOGY--> battery,GraphRAG,"GraphRAG exposes entity-relation paths, which is stronger for this multi-hop style question."
5,How do export controls affect semiconductor or technology companies?,"Rule 2: The Expansion of Export Controls on Semiconductor Manufacturing Items imposes controls on additional types of semiconductor manufacturing equipment (SME), refines certain measures to ensure US companies cannot provide support to advanced Chinese semiconductor manufacturing while avoiding unintended impacts and expands license requirements for SME to all countries subject to a US arms embargo. The announcement does not mention targeted export restrictions to any country in particular, however, it has been widely seen as retaliation for the US’ export controls of key semiconductor technology. According to a MOFCOM spokesperson, the primary aim of the export controls is to enhance national security by ensuring that advanced technology does not fall into the hands of adversaries or entities that could use it against China’s interests.",doc_42.txt,Graph context: AfF --RELATED_TO--> UD5; Rjt --RELATED_TO--> AfF; PK8z --RELATED_TO--> Rjt; EMI --AFFECTED_BY--> IDTechEx; Although the --AFFECTED_BY--> EMI; IDTechEx --AFFECTED_BY|USES_TECHNOLOGY--> battery; IDTechEx --DEVELOPS|USES_TECHNOLOGY--> Scenario Forecasting Spreadsheet; IDTechEx --USES_TECHNOLOGY--> Advanced Electric Cars; Action Segmentation --USES_TECHNOLOGY--> Although the; IDTechEx --AFFECTED_BY|HAS_MARKET--> BEV Evidence: The export controls will affect both US companies and companies from a third-party country that sells US-made items to China. The export controls will affect both US companies and companies from a third-party country that sells US-made items to China. The US Department of Commerce has implemented sweeping new export controls that will require companies to receive a license to export US-made advanced computing and semiconductor products to China.,doc_50.txt; doc_33.txt; doc_9.txt; doc_28.txt; doc_69.txt; doc_54.txt; doc_42.txt; doc_18.txt,AfF --RELATED_TO--> UD5; Rjt --RELATED_TO--> AfF; PK8z --RELATED_TO--> Rjt; EMI --AFFECTED_BY--> IDTechEx; Although the --AFFECTED_BY--> EMI; IDTechEx --AFFECTED_BY|USES_TECHNOLOGY--> battery; IDTechEx --DEVELOPS|USES_TECHNOLOGY--> Scenario Forecasting Spreadsheet; IDTechEx --USES_TECHNOLOGY--> Advanced Electric Cars,GraphRAG,"GraphRAG exposes entity-relation paths, which is stronger for this multi-hop style question."
6,What evidence links consumer incentives to EV adoption?,"Incentives and Subsidies: To encourage the adoption of EVs, governments worldwide have introduced various incentives, including tax rebates, grants, and subsidies for EV purchases, reduced registration fees, and exemptions from congestion charges. These extra incentives seem to be a determining factor as to whether consumers will make the purchase, says Krear: ""Of the top 10 adoption states, five of them have state incentives.""
Yet they're not in place everywhere yet, and Nunes says even the incentives don't do much to move the needle on a wide scale. The current public-charging network falls short of consumer expectations for convenience.",doc_64.txt; doc_35.txt; doc_70.txt,"Graph context: What --AFFECTED_BY--> C-suite; What --DEVELOPS--> EV-charging; What --INVESTS_IN--> Jun; What --INVESTS_IN--> semiconductor; What --LOCATED_IN--> Alaska Airlines; What --LOCATED_IN--> Effective; What --LOCATED_IN--> New in the Monthly Energy Review; What --RELATED_TO--> Next for the EV Transition; What --RELATED_TO--> VinFast Q3; What --USES_TECHNOLOGY--> battery Evidence: Yiran Liu et al., “Impact of policy incentives on the adoption of electric vehicle in China” Transportation Research Part A: Policy and Practice Vol. Yiran Liu et al., “Impact of policy incentives on the adoption of electric vehicle in China” Transportation Research Part A: Policy and Practice Vol. Yet, they have also benefitted from less injurious (to foreign competitors) forms of government support, including world-leading levels of public research and development (R&D) investment in EVs, proactive government procurement policies, aggressive deployment of electric charging infrastructure, and consumer incentives to purchase EVs (such as free vehicle licenses or exemptions from roadway rest",doc_48.txt; doc_52.txt; doc_45.txt; doc_46.txt; doc_62.txt; doc_13.txt; doc_70.txt; doc_20.txt,What --AFFECTED_BY--> C-suite; What --DEVELOPS--> EV-charging; What --INVESTS_IN--> Jun; What --INVESTS_IN--> semiconductor; What --LOCATED_IN--> Alaska Airlines; What --LOCATED_IN--> Effective; What --LOCATED_IN--> New in the Monthly Energy Review; What --RELATED_TO--> Next for the EV Transition,Flat RAG,"This question asks for direct textual evidence, so passage retrieval is the more suitable baseline."
7,Which markets or regions are mentioned as important for electric vehicle growth?,Ambitious policies continue to be critical to growth in electric vehicle markets worldwide. The analysis finds that regulations that require greater electric vehicle model availability are essential to market growth. Ambitious policy programs in these regions are expected to further boost the electric vehicle market share in the coming yearsââ.,doc_18.txt; doc_1.txt; doc_64.txt,"Graph context: electric vehicle --ACQUIRES|AFFECTED_BY|COMPETES_WITH|DEVELOPS|FOUNDED_IN|HAS_MARKET|INVESTS_IN|LOCATED_IN|REGULATED_BY|RELATED_TO|RESTRICTS|SUPPLIES_TO|USES_TECHNOLOGY--> electric vehicles; China --AFFECTED_BY|DEVELOPS|HAS_MARKET|LOCATED_IN|RELATED_TO|USES_TECHNOLOGY--> electric vehicle; electric vehicle --AFFECTED_BY|DEVELOPS|REGULATED_BY|USES_TECHNOLOGY--> battery; batteries --DEVELOPS|LOCATED_IN|RELATED_TO|USES_TECHNOLOGY--> electric vehicle; Polestar --DEVELOPS|HAS_MARKET|PARTNERS_WITH|SUPPLIES_TO--> electric vehicle; Tesla --AFFECTED_BY|DEVELOPS|HAS_MARKET|RELATED_TO--> electric vehicle; electric vehicle --HAS_MARKET|RELATED_TO|USES_TECHNOLOGY--> batteries; electric vehicle --REGULATED_BY|RELATED_TO|USES_TECHNOLOGY--> China; battery --AFFECTED_BY|SUPPLIES_TO|USES_TECHNOLOGY--> electric vehicle; electric vehicle --HAS_MARKET|LOCATED_IN--> United States Evidence: markets for electric vehicle and battery manufacturing, a new report by Environmental Defense Fund and WSP USA finds continued strong growth. markets for electric vehicle and battery manufacturing, a new report by Environmental Defense Fund and WSP USA finds continued strong growth. markets for electric vehicle and battery manufacturing, a new report by Environmental Defense Fund and WSP USA finds continued strong growth.",doc_2.txt; doc_57.txt; doc_6.txt; doc_43.txt; doc_66.txt; doc_12.txt; doc_24.txt; doc_30.txt,electric vehicle --ACQUIRES|AFFECTED_BY|COMPETES_WITH|DEVELOPS|FOUNDED_IN|HAS_MARKET|INVESTS_IN|LOCATED_IN|REGULATED_BY|RELATED_TO|RESTRICTS|SUPPLIES_TO|USES_TECHNOLOGY--> electric vehicles; China --AFFECTED_BY|DEVELOPS|HAS_MARKET|LOCATED_IN|RELATED_TO|USES_TECHNOLOGY--> electric vehicle; electric vehicle --AFFECTED_BY|DEVELOPS|REGULATED_BY|USES_TECHNOLOGY--> battery; batteries --DEVELOPS|LOCATED_IN|RELATED_TO|USES_TECHNOLOGY--> electric vehicle; Polestar --DEVELOPS|HAS_MARKET|PARTNERS_WITH|SUPPLIES_TO--> electric vehicle; Tesla --AFFECTED_BY|DEVELOPS|HAS_MARKET|RELATED_TO--> electric vehicle; electric vehicle --HAS_MARKET|RELATED_TO|USES_TECHNOLOGY--> batteries; electric vehicle --REGULATED_BY|RELATED_TO|USES_TECHNOLOGY--> China,Tie,"Both systems provide useful but different context: Flat RAG gives passages, GraphRAG gives entity links."
8,What entities are connected to clean vehicle tax credits?,"The federal Clean Vehicle Tax Credits are available are available to consumers, fleets, businesses, and tax-exempt entities investing in new, used, and commercial clean vehicles—including all-electric vehicles, PHEVs, fuel cell EVs—and EV charging infrastructure. The federal Clean Vehicle Tax Credits are available are available to consumers, fleets, businesses, and tax-exempt entities investing in new, used, and commercial clean vehicles—including all-electric vehicles, PHEVs, fuel cell EVs—and EV charging infrastructure. tariffs on Chinese EVs entering the country, from 25 percent to 100 percent (that aside from an additional 2.5 percent duty that applies to all automobiles imported into the United States).[232] For its part, on June 12, 2024, the EU announced it would introduce, starting on July 1, 2024, tariffs that ranged from 17.4 percent to 38.1 percent on Chinese vehicle imports, on top of the EU’s standard 10 percent car duty.[233]
The Inflation Reduction Act contains provisions whose intent is to impede ",doc_3.txt; doc_17.txt; doc_66.txt,"Graph context: What --AFFECTED_BY--> C-suite; What --DEVELOPS--> EV-charging; What --INVESTS_IN--> Jun; What --INVESTS_IN--> semiconductor; What --LOCATED_IN--> Alaska Airlines; What --LOCATED_IN--> Effective; What --LOCATED_IN--> New in the Monthly Energy Review; What --RELATED_TO--> Next for the EV Transition; What --RELATED_TO--> VinFast Q3; What --USES_TECHNOLOGY--> battery Evidence: The federal Clean Vehicle Tax Credits are available are available to consumers, fleets, businesses, and tax-exempt entities investing in new, used, and commercial clean vehicles—including all-electric vehicles, PHEVs, fuel cell EVs—and EV charging infrastructure. The federal Clean Vehicle Tax Credits are available are available to consumers, fleets, businesses, and tax-exempt entities investing in new, used, and commercial clean vehicles—including all-electric vehicles, PHEVs, fuel cell EVs—and EV charging infrastructure. The federal Clean Vehicle Tax Credits are available are available to consumers, fleets, businesses, and tax-exempt entities investing in new, used, and commercial clean vehicles—including all-electric vehicles, PHEVs, fuel cell EVs—and EV charging infrastructure.",doc_48.txt; doc_52.txt; doc_45.txt; doc_46.txt; doc_62.txt; doc_13.txt; doc_70.txt; doc_3.txt,What --AFFECTED_BY--> C-suite; What --DEVELOPS--> EV-charging; What --INVESTS_IN--> Jun; What --INVESTS_IN--> semiconductor; What --LOCATED_IN--> Alaska Airlines; What --LOCATED_IN--> Effective; What --LOCATED_IN--> New in the Monthly Energy Review; What --RELATED_TO--> Next for the EV Transition,GraphRAG,"GraphRAG exposes entity-relation paths, which is stronger for this multi-hop style question."
9,How are automakers connected to electric vehicles and batteries?,"The advanced batteries in electric vehicles are designed for extended life but will wear out eventually. The advanced batteries in electric vehicles are designed for extended life but will wear out eventually. states, electric vehicles are not yet a global phenomenon.",doc_3.txt; doc_17.txt; doc_18.txt,Graph context: electric vehicle --ACQUIRES|AFFECTED_BY|COMPETES_WITH|DEVELOPS|FOUNDED_IN|HAS_MARKET|INVESTS_IN|LOCATED_IN|REGULATED_BY|RELATED_TO|RESTRICTS|SUPPLIES_TO|USES_TECHNOLOGY--> electric vehicles; batteries --DEVELOPS|LOCATED_IN|RELATED_TO|USES_TECHNOLOGY--> electric vehicle; electric vehicle --HAS_MARKET|RELATED_TO|USES_TECHNOLOGY--> batteries; Electric Vehicles --HAS_MARKET|RELATED_TO--> electric vehicle; electric vehicle --HAS_MARKET--> Electric Vehicles Are; Automakers --HAS_MARKET--> electric vehicle; Bloomberg Electric Vehicles Index --LOCATED_IN--> electric vehicle; Chinese Electric Vehicles --RESTRICTS--> electric vehicle; Develop Better Electric Vehicle Batteries --DEVELOPS--> electric vehicle; Electric Vehicles Are --RELATED_TO--> electric vehicle Evidence: The advanced batteries in electric vehicles are designed for extended life but will wear out eventually. The advanced batteries in electric vehicles are designed for extended life but will wear out eventually. Opting to slow down the transition to electric vehicles and reduce incentives or cancel mandates for American automakers to invest in EVs would be counterproductive.,doc_2.txt; doc_43.txt; doc_66.txt; doc_52.txt; doc_8.txt; doc_64.txt; doc_18.txt; doc_26.txt,electric vehicle --ACQUIRES|AFFECTED_BY|COMPETES_WITH|DEVELOPS|FOUNDED_IN|HAS_MARKET|INVESTS_IN|LOCATED_IN|REGULATED_BY|RELATED_TO|RESTRICTS|SUPPLIES_TO|USES_TECHNOLOGY--> electric vehicles; batteries --DEVELOPS|LOCATED_IN|RELATED_TO|USES_TECHNOLOGY--> electric vehicle; electric vehicle --HAS_MARKET|RELATED_TO|USES_TECHNOLOGY--> batteries; Electric Vehicles --HAS_MARKET|RELATED_TO--> electric vehicle; electric vehicle --HAS_MARKET--> Electric Vehicles Are; Automakers --HAS_MARKET--> electric vehicle; Bloomberg Electric Vehicles Index --LOCATED_IN--> electric vehicle; Chinese Electric Vehicles --RESTRICTS--> electric vehicle,GraphRAG,"GraphRAG exposes entity-relation paths, which is stronger for this multi-hop style question."
10,Which entities are associated with charging stations or charging infrastructure?,"The US aims for 500,000 charging stations across its vast terrains by 2030, roughly a five-fold increase in the nation’s EV infrastructure. While DC fast charging ports make up only 1% of the EV charging infrastructure needed in 2030, these charging stations are vital and should become a top priority for policymakers, third-party charging providers, and electric companies. As the EV ownership base expands, public-charging infrastructure will become more important because a greater proportion will lack the needed space or power requirement at their residences for charging.",doc_54.txt; doc_30.txt; doc_70.txt,"Graph context: Charging --USES_TECHNOLOGY--> Americans; Charging --USES_TECHNOLOGY--> Beyond the; Charging --USES_TECHNOLOGY--> Clean Cities and Communities; Andrew Yates --SUPPLIES_TO--> Charging; Americans --ACQUIRES|RELATED_TO--> electric vehicle; Americans --ACQUIRES--> Kelley Blue Book; Americans --HAS_MARKET--> Elizabeth Krear; Americans --HAS_MARKET--> October and December; Americans --INVESTS_IN--> In June; Americans --RELATED_TO--> electric vehicles Evidence: While DC fast charging ports make up only 1% of the EV charging infrastructure needed in 2030, these charging stations are vital and should become a top priority for policymakers, third-party charging providers, and electric companies. The federal Clean Vehicle Tax Credits are available are available to consumers, fleets, businesses, and tax-exempt entities investing in new, used, and commercial clean vehicles—including all-electric vehicles, PHEVs, fuel cell EVs—and EV charging infrastructure. The federal Clean Vehicle Tax Credits are available are available to consumers, fleets, businesses, and tax-exempt entities investing in new, used, and commercial clean vehicles—including all-electric vehicles, PHEVs, fuel cell EVs—and EV charging infrastructure.",doc_35.txt; doc_3.txt; doc_17.txt; doc_62.txt; doc_2.txt; doc_30.txt; doc_43.txt; doc_66.txt,Charging --USES_TECHNOLOGY--> Americans; Charging --USES_TECHNOLOGY--> Beyond the; Charging --USES_TECHNOLOGY--> Clean Cities and Communities; Andrew Yates --SUPPLIES_TO--> Charging; Americans --ACQUIRES|RELATED_TO--> electric vehicle; Americans --ACQUIRES--> Kelley Blue Book; Americans --HAS_MARKET--> Elizabeth Krear; Americans --HAS_MARKET--> October and December,GraphRAG,"GraphRAG exposes entity-relation paths, which is stronger for this multi-hop style question."
11,What does the corpus say about China and electric vehicle manufacturing?,"Numbers, Facts and Trends Shaping Your World
Read our research on:
Full Topic List
Read Our Research On:
|
About four-in-ten Americans (38%) say they’re very or somewhat likely to seriously consider an electric vehicle (EV) for their next vehicle purchase, according to a recent Pew Research Center survey. Yiran Liu et al., “Impact of policy incentives on the adoption of electric vehicle in China” Transportation Research Part A: Policy and Practice Vol. Yiran Liu et al., “Impact of policy incentives on the adoption of electric vehicle in China” Transportation Research Part A: Policy and Practice Vol.",doc_44.txt; doc_43.txt; doc_66.txt,"Graph context: China --AFFECTED_BY|DEVELOPS|HAS_MARKET|LOCATED_IN|RELATED_TO|USES_TECHNOLOGY--> electric vehicle; electric vehicle --REGULATED_BY|RELATED_TO|USES_TECHNOLOGY--> China; China --HAS_MARKET--> Booming Electric Vehicle Market; China --RELATED_TO--> Electric Vehicle Export Boom; China --RELATED_TO--> Electric Vehicle Industry; electric vehicles --HAS_MARKET|RELATED_TO--> China; China --DEVELOPS--> New Energy Vehicle; China --RELATED_TO--> Electric Cars Keep Improving; China --AFFECTED_BY|COMPETES_WITH|DEVELOPS|FOUNDED_IN|HAS_MARKET|INVESTS_IN|LOCATED_IN|PARTNERS_WITH|RELATED_TO--> United States; Biden --AFFECTED_BY|COMPETES_WITH|DEVELOPS|FOUNDED_IN|INVESTS_IN|LOCATED_IN|REGULATED_BY|RELATED_TO|RESTRICTS--> China Evidence: markets for electric vehicle and battery manufacturing, a new report by Environmental Defense Fund and WSP USA finds continued strong growth. markets for electric vehicle and battery manufacturing, a new report by Environmental Defense Fund and WSP USA finds continued strong growth. markets for electric vehicle and battery manufacturing, a new report by Environmental Defense Fund and WSP USA finds continued strong growth.",doc_57.txt; doc_43.txt; doc_66.txt; doc_36.txt; doc_64.txt; doc_42.txt; doc_6.txt; doc_2.txt,China --AFFECTED_BY|DEVELOPS|HAS_MARKET|LOCATED_IN|RELATED_TO|USES_TECHNOLOGY--> electric vehicle; electric vehicle --REGULATED_BY|RELATED_TO|USES_TECHNOLOGY--> China; China --HAS_MARKET--> Booming Electric Vehicle Market; China --RELATED_TO--> Electric Vehicle Export Boom; China --RELATED_TO--> Electric Vehicle Industry; electric vehicles --HAS_MARKET|RELATED_TO--> China; China --DEVELOPS--> New Energy Vehicle; China --RELATED_TO--> Electric Cars Keep Improving,Tie,"Both systems provide useful but different context: Flat RAG gives passages, GraphRAG gives entity links."
12,Which government bodies or policies are linked to technology restrictions?,"As EV technology evolves, regulatory bodies continue to update safety standards to address new challenges. 29
China’s Government Policies Supporting the EV Sector 30
Subsidies 30
JVs and Technology Transfer Requirements 32
IP Theft 32
Favoring Domestic Enterprises 33
Other Policies 33
Analysis of Chinese Policies Supporting the EV Sector 34
What Should America Do? 29
China’s Government Policies Supporting the EV Sector 30
Subsidies 30
JVs and Technology Transfer Requirements 32
IP Theft 32
Favoring Domestic Enterprises 33
Other Policies 33
Analysis of Chinese Policies Supporting the EV Sector 34
What Should America Do?",doc_64.txt; doc_66.txt; doc_43.txt,"Graph context: Technology --DEVELOPS--> Tax; Technology --PARTNERS_WITH--> China; Technology --REGULATED_BY--> Default; An Energy Technology Perspectives Special Briefing --REGULATED_BY--> Technology; CEO --DEVELOPS--> Technology; Chinese Ministry of Industry and Information --DEVELOPS--> Technology; Operations --DEVELOPS--> Technology; Strategy --DEVELOPS--> Technology; Xinjiang Beidou Tongchuang Information Technology Co --PARTNERS_WITH--> Technology; China --DEVELOPS--> Government Policies Supporting the EV Sector Evidence: The Chinese government views American restrictions on trade and technology exports to China as attempts to hold back the country’s economic growth.”
The surprise meeting with Xi has been viewed as a positive development and has raised hopes that a meeting with US President Joe Biden could take place at the APEC Summit in November. The Chinese government views American restrictions on trade and technology exports to China as attempts to hold back the country’s economic growth.”
The surprise meeting with Xi has been viewed as a positive development and has raised hopes that a meeting with US President Joe Biden could take place at the APEC Summit in November. Extensive government interventions, including subsidies, enabled the domestic industry and the market to grow at the same time.[1] The timing of the policies was crucial because they coincided with and",doc_54.txt; doc_42.txt; doc_18.txt; doc_15.txt; doc_43.txt; doc_66.txt; doc_57.txt; doc_7.txt,Technology --DEVELOPS--> Tax; Technology --PARTNERS_WITH--> China; Technology --REGULATED_BY--> Default; An Energy Technology Perspectives Special Briefing --REGULATED_BY--> Technology; CEO --DEVELOPS--> Technology; Chinese Ministry of Industry and Information --DEVELOPS--> Technology; Operations --DEVELOPS--> Technology; Strategy --DEVELOPS--> Technology,GraphRAG,"GraphRAG exposes entity-relation paths, which is stronger for this multi-hop style question."
13,How are critical minerals connected to US-China trade tensions?,"On June 22, 2023, India agreed to join the Minerals Security Partnership (MSP), a collaboration of 13 countries and the European Union designed to catalyze public and private investment in responsible critical minerals supply chains globally.[247] The MSP coordinates member nations to address four major critical minerals challenges: 1) diversifying and stabilizing global supply chains; 2) investment in those supply chains; 3) promoting high environmental, social, and governance standards in the  On June 22, 2023, India agreed to join the Minerals Security Partnership (MSP), a collaboration of 13 countries and the European Union designed to catalyze public and private investment in responsible critical minerals supply chains globally.[247] The MSP coordinates member nations to address four major critical minerals challenges: 1) diversifying and stabilizing global supply chains; 2) investment in those supply chains; 3) promoting high environmental, social, and governance standards in the  US anxieties over China’s support of Russia will preserve the risk of sweeping sanctions, while tensions over Taiwan will remain an important flashpoint in US-China ties.",doc_66.txt; doc_43.txt; doc_25.txt,"Graph context: US-China --AFFECTED_BY|COMPETES_WITH|DEVELOPS|HAS_MARKET|LOCATED_IN|RELATED_TO--> China; China --AFFECTED_BY|HAS_MARKET|RELATED_TO--> US-China; China --AFFECTED_BY--> US-China Economic and Security Review Commission; China --DEVELOPS--> Unfair Trade Practices; China --LOCATED_IN--> International Trade; China --LOCATED_IN--> Permanent Normal Trade Relations; China --USES_TECHNOLOGY--> Battery Champion Says Geopolitical Tensions Won; Beijing for US-China Climate Talks --RELATED_TO--> China; Trade Squeeze --LOCATED_IN--> China; US-China and China-Canada --RELATED_TO--> China Evidence: US anxieties over China’s support of Russia will preserve the risk of sweeping sanctions, while tensions over Taiwan will remain an important flashpoint in US-China ties. US anxieties over China’s support of Russia will preserve the risk of sweeping sanctions, while tensions over Taiwan will remain an important flashpoint in US-China ties. US anxieties over China’s support of Russia will preserve the risk of sweeping sanctions, while tensions over Taiwan will remain an important flashpoint in US-China ties.",doc_25.txt; doc_42.txt; doc_43.txt; doc_66.txt; doc_60.txt; doc_40.txt; doc_8.txt; doc_54.txt,US-China --AFFECTED_BY|COMPETES_WITH|DEVELOPS|HAS_MARKET|LOCATED_IN|RELATED_TO--> China; China --AFFECTED_BY|HAS_MARKET|RELATED_TO--> US-China; China --AFFECTED_BY--> US-China Economic and Security Review Commission; China --DEVELOPS--> Unfair Trade Practices; China --LOCATED_IN--> International Trade; China --LOCATED_IN--> Permanent Normal Trade Relations; China --USES_TECHNOLOGY--> Battery Champion Says Geopolitical Tensions Won; Beijing for US-China Climate Talks --RELATED_TO--> China,GraphRAG,"GraphRAG exposes entity-relation paths, which is stronger for this multi-hop style question."
14,Which entities are connected to public health or emissions benefits?,"Using electricity as a power source for transportation improves public health and the environment, and provides safety benefits, and contributes to a resilient transportation system. Using electricity as a power source for transportation improves public health and the environment, and provides safety benefits, and contributes to a resilient transportation system. Electric vehicles (EVs) have no tailpipe emissions.",doc_3.txt; doc_17.txt; doc_8.txt,"Graph context: EMI --AFFECTED_BY--> IDTechEx; Although the --AFFECTED_BY--> EMI; IDTechEx --AFFECTED_BY|USES_TECHNOLOGY--> battery; IDTechEx --AFFECTED_BY|HAS_MARKET--> BEV; IDTechEx --AFFECTED_BY|HAS_MARKET--> PHEV; IDTechEx --DEVELOPS|USES_TECHNOLOGY--> Scenario Forecasting Spreadsheet; IDTechEx --AFFECTED_BY--> BEV and PHEV; IDTechEx --USES_TECHNOLOGY--> Advanced Electric Cars; Action Segmentation --USES_TECHNOLOGY--> Although the; Connect --REGULATED_BY--> Environmental Defense Fund Evidence: In 2014, China required that the central government, as well as some cities and public organizations, have at least 30 percent of their vehicle fleet consist of EVs by 2016, a goal which increased to 50 percent in 2016.[219] One study finds that public sector entities across China’s provinces had already procured over 550,000 EVs by the end of 2020.[220] CSIS estimates that China directed $18 bill In 2014, China required that the central government, as well as some cities and public organizations, have at least 30 percent of their vehicle fleet consist of EVs by 2016, a goal which increased to 50 percent in 2016.[219] One study finds that public sector entities across China’s provinces had already procured over 550,000 EVs by the end of 2020.[220] CSIS estimates that China directed $18 bill Hybrid electric vehicle (HEV) emissions benefits vary by vehicle model and type of hybrid power ",doc_33.txt; doc_9.txt; doc_28.txt; doc_69.txt; doc_6.txt; doc_20.txt; doc_49.txt; doc_8.txt,EMI --AFFECTED_BY--> IDTechEx; Although the --AFFECTED_BY--> EMI; IDTechEx --AFFECTED_BY|USES_TECHNOLOGY--> battery; IDTechEx --AFFECTED_BY|HAS_MARKET--> BEV; IDTechEx --AFFECTED_BY|HAS_MARKET--> PHEV; IDTechEx --DEVELOPS|USES_TECHNOLOGY--> Scenario Forecasting Spreadsheet; IDTechEx --AFFECTED_BY--> BEV and PHEV; IDTechEx --USES_TECHNOLOGY--> Advanced Electric Cars,GraphRAG,"GraphRAG exposes entity-relation paths, which is stronger for this multi-hop style question."
15,What links exist between battery technology and EV costs?,"The company asserts its LFMP costs 5 percent less than conventional LFP batteries in terms of dollars per kilowatt hour (kWh), and 20 to 25 percent less than nickel-cobalt units.[72] The company, now China’s fourth-largest EV battery maker, envisions large-scale delivery of the battery to EV assemblers in early 2025.[73]
EV battery technology continues to evolve, and the next generation of EV batteries is expected to be ASSBs. The company asserts its LFMP costs 5 percent less than conventional LFP batteries in terms of dollars per kilowatt hour (kWh), and 20 to 25 percent less than nickel-cobalt units.[72] The company, now China’s fourth-largest EV battery maker, envisions large-scale delivery of the battery to EV assemblers in early 2025.[73]
EV battery technology continues to evolve, and the next generation of EV batteries is expected to be ASSBs. As The Wall Street Journal’s Greg Ip wrote, China’s global lead in EVs stems from “a unique combination of industrial policy, protectionism, and homegrown competitive dynamism.”[5] Indeed, there’s no doubt China’s EV industry has benefited greatly from aggressive industrial policy, spearheaded in particular by China’s lavish expenditure",doc_66.txt; doc_43.txt,"Graph context: battery --AFFECTED_BY|DEVELOPS|INVESTS_IN|PARTNERS_WITH|USES_TECHNOLOGY--> China; battery --COMPETES_WITH|DEVELOPS|INVESTS_IN|USES_TECHNOLOGY--> batteries; battery --COMPETES_WITH|DEVELOPS|SUPPLIES_TO|USES_TECHNOLOGY--> CATL; BYD --DEVELOPS|PARTNERS_WITH|SUPPLIES_TO|USES_TECHNOLOGY--> battery; China --COMPETES_WITH|DEVELOPS|SUPPLIES_TO|USES_TECHNOLOGY--> battery; Chinese EV --AFFECTED_BY|DEVELOPS|INVESTS_IN|USES_TECHNOLOGY--> battery; electric vehicle --AFFECTED_BY|DEVELOPS|REGULATED_BY|USES_TECHNOLOGY--> battery; Tesla --AFFECTED_BY|COMPETES_WITH|REGULATED_BY|USES_TECHNOLOGY--> battery; battery --AFFECTED_BY|SUPPLIES_TO|USES_TECHNOLOGY--> electric vehicle; battery --AFFECTED_BY|SUPPLIES_TO|USES_TECHNOLOGY--> electric vehicles Evidence: The company asserts its LFMP costs 5 percent less than conventional LFP batteries in terms of dollars per kilowatt hour (kWh), and 20 to 25 percent less than nickel-cobalt units.[72] The company, now China’s fourth-largest EV battery maker, envisions large-scale delivery of the battery to EV assemblers in early 2025.[73]
EV battery technology continues to evolve, and the next generation of EV batt The company asserts its LFMP costs 5 percent less than conventional LFP batteries in terms of dollars per kilowatt hour (kWh), and 20 to 25 percent less than nickel-cobalt units.[72] The company, now China’s fourth-largest EV battery mak",doc_14.txt; doc_15.txt; doc_43.txt; doc_66.txt; doc_7.txt; doc_65.txt; doc_6.txt; doc_61.txt,battery --AFFECTED_BY|DEVELOPS|INVESTS_IN|PARTNERS_WITH|USES_TECHNOLOGY--> China; battery --COMPETES_WITH|DEVELOPS|INVESTS_IN|USES_TECHNOLOGY--> batteries; battery --COMPETES_WITH|DEVELOPS|SUPPLIES_TO|USES_TECHNOLOGY--> CATL; BYD --DEVELOPS|PARTNERS_WITH|SUPPLIES_TO|USES_TECHNOLOGY--> battery; China --COMPETES_WITH|DEVELOPS|SUPPLIES_TO|USES_TECHNOLOGY--> battery; Chinese EV --AFFECTED_BY|DEVELOPS|INVESTS_IN|USES_TECHNOLOGY--> battery; electric vehicle --AFFECTED_BY|DEVELOPS|REGULATED_BY|USES_TECHNOLOGY--> battery; Tesla --AFFECTED_BY|COMPETES_WITH|REGULATED_BY|USES_TECHNOLOGY--> battery,GraphRAG,"GraphRAG exposes entity-relation paths, which is stronger for this multi-hop style question."
16,Which companies are described as competitors or market participants in EVs?,"A pandemic-era slump and other industry shifts meant companies like Hertz (HTZ) started selling off thousands of their Tesla EVs, putting these bargain-priced alternatives in competition with Tesla's new vehicles—enough that if they counted as new cars, they would be among Tesla's top three competitors in 2024. Market share: The EV market is diverse and competitive, with several companies vying for leadership. The German giant offers a wide range of EVs and covers every market segment, from entry-level affordable options to bigger, more powerful alternatives.",doc_61.txt; doc_64.txt,"Graph context: OMP --RELATED_TO--> Y4n; Bsg --RELATED_TO--> OMP; C0X --RELATED_TO--> Bsg; Companies --LOCATED_IN--> KARS; Companies --RELATED_TO--> SPACs; Companies --RESTRICTS--> UFLPA; Companies --SUPPLIES_TO--> BYD; Companies --SUPPLIES_TO--> supply chain; DHS Adds First Steel and Aspartame --RESTRICTS--> Companies; Diversification --SUPPLIES_TO--> Companies Evidence: A pandemic-era slump and other industry shifts meant companies like Hertz (HTZ) started selling off thousands of their Tesla EVs, putting these bargain-priced alternatives in competition with Tesla's new vehicles—enough that if they counted as new cars, they would be among Tesla's top three competitors in 2024. A pandemic-era slump and other industry shifts meant companies like Hertz (HTZ) started selling off thousands of their Tesla EVs, putting these bargain-priced alternatives in competition with Tesla's new vehicles—enough that if they counted as new cars, they would be among Tesla's top three competitors in 2024. Xiaomi, and Li Auto are competing effectively at the luxury EV level, while in the mid-market, BYD, JiYue, Nio, and others are excelling at delivering attractive, cost-competitive EVs.",doc_50.txt; doc_26.txt; doc_24.txt; doc_42.txt; doc_64.txt; doc_57.txt; doc_37.txt; doc_61.txt,OMP --RELATED_TO--> Y4n; Bsg --RELATED_TO--> OMP; C0X --RELATED_TO--> Bsg; Companies --LOCATED_IN--> KARS; Companies --RELATED_TO--> SPACs; Companies --RESTRICTS--> UFLPA; Companies --SUPPLIES_TO--> BYD; Companies --SUPPLIES_TO--> supply chain,GraphRAG,"GraphRAG exposes entity-relation paths, which is stronger for this multi-hop style question."
17,How are tariffs or trade restrictions connected to supply chains?,"In a statement issued today, the US Trade Representative (USTR) Katherine Tai said that “further action” was needed to counter what it says are unfair trade practices by China in addition to the existing Section 301 Tariffs. The United States must lead an alliance of like-minded nations to build alternative EV battery input supply chains outside of Chinese control. The United States must lead an alliance of like-minded nations to build alternative EV battery input supply chains outside of Chinese control.",doc_42.txt; doc_43.txt; doc_66.txt,"Graph context: ADe --RELATED_TO--> DEm; DEm --RELATED_TO--> Vac; Supply Chains --REGULATED_BY--> supply chain; supply chain --AFFECTED_BY|COMPETES_WITH|SUPPLIES_TO--> battery; supply chain --AFFECTED_BY|COMPETES_WITH|SUPPLIES_TO--> China; Supply --COMPETES_WITH|FOUNDED_IN|SUPPLIES_TO--> supply chain; supply chain --FOUNDED_IN|SUPPLIES_TO--> batteries; batteries --AFFECTED_BY|SUPPLIES_TO--> supply chain; battery --PARTNERS_WITH|SUPPLIES_TO--> supply chain; Europe --FOUNDED_IN|INVESTS_IN--> supply chain Evidence: U.S.-China tensions raise concerns over tariffs and trade restrictions, which could harm China’s exports and KARS. U.S.-China tensions raise concerns over tariffs and trade restrictions, which could harm China’s exports and KARS. U.S.-China tensions raise concerns over tariffs and trade restrictions, which could harm China’s exports and KARS.",doc_60.txt; doc_43.txt; doc_66.txt; doc_25.txt; doc_15.txt; doc_18.txt; doc_12.txt; doc_63.txt,ADe --RELATED_TO--> DEm; DEm --RELATED_TO--> Vac; Supply Chains --REGULATED_BY--> supply chain; supply chain --AFFECTED_BY|COMPETES_WITH|SUPPLIES_TO--> battery; supply chain --AFFECTED_BY|COMPETES_WITH|SUPPLIES_TO--> China; Supply --COMPETES_WITH|FOUNDED_IN|SUPPLIES_TO--> supply chain; supply chain --FOUNDED_IN|SUPPLIES_TO--> batteries; batteries --AFFECTED_BY|SUPPLIES_TO--> supply chain,GraphRAG,"GraphRAG exposes entity-relation paths, which is stronger for this multi-hop style question."
18,"What multi-hop path connects EV policy, market adoption, and infrastructure?","Charging Infrastructure Regulations: Adequate charging infrastructure is essential for EV adoption. Each of these companies contributes to the competitive and dynamic nature of the EV industry, driving advancements in technology, infrastructure, and consumer adoption. In countries that cannot invest in charging infrastructure, we expect the market for ICE vehicles to remain for some time.",doc_64.txt; doc_28.txt,"Graph context: Listen --HAS_MARKET--> What; Nationwide Market Insights --HAS_MARKET--> What; What --AFFECTED_BY--> C-suite; What --DEVELOPS--> EV-charging; What --INVESTS_IN--> Jun; What --INVESTS_IN--> semiconductor; What --LOCATED_IN--> Alaska Airlines; What --LOCATED_IN--> Effective; What --LOCATED_IN--> New in the Monthly Energy Review; What --RELATED_TO--> Next for the EV Transition Evidence: This policy shift is expected to have far-reaching implications for the electric vehicle market and the secondary battery industry, both of which have been heavily reliant on government incentives to drive growth. Here, policymakers should support the sector with robust R&D funding, R&D programs such as a “BatteryShot” initiative that could help produce EV batteries with longer range and better price performance, and supportive policies to stimulate consumer adoption, such as the deployment of a nationwide EV charging infrastructure. Here, policymakers should support the sector with robust R&D funding, R&D programs such as a “BatteryShot” initiative that could help produce EV batteries with longer range and better price performance, and supportive policies to stimulate consumer adoption, such as the deployment of a nationwide EV charging infrastructure.",doc_37.txt; doc_48.txt; doc_52.txt; doc_45.txt; doc_46.txt; doc_62.txt; doc_13.txt; doc_70.txt,Listen --HAS_MARKET--> What; Nationwide Market Insights --HAS_MARKET--> What; What --AFFECTED_BY--> C-suite; What --DEVELOPS--> EV-charging; What --INVESTS_IN--> Jun; What --INVESTS_IN--> semiconductor; What --LOCATED_IN--> Alaska Airlines; What --LOCATED_IN--> Effective,GraphRAG,This question explicitly asks for graph structure or multi-hop paths.
19,Which documents provide evidence about EV market slowdown or growth?,"China itself, after a period of booming EV sales, is confronting a domestic market slowdown. What are the headwinds for the EV market? A recovery from COVID-19 will see ICE vehicles return to growth, up to 2025 (81.7 million), then experience a decline in market penetration thereafter.",doc_30.txt; doc_40.txt; doc_28.txt,"Graph context: About --ACQUIRES|LOCATED_IN--> Americans; About --AFFECTED_BY--> BMW; About --AFFECTED_BY--> ICE; About --LOCATED_IN--> IoT; About --LOCATED_IN--> NextWave; About --USES_TECHNOLOGY--> Europe; About --USES_TECHNOLOGY--> Exhibit; Read --ACQUIRES--> About; Europe --AFFECTED_BY|HAS_MARKET|LOCATED_IN|RELATED_TO|USES_TECHNOLOGY--> China; Europe --AFFECTED_BY|HAS_MARKET|LOCATED_IN|USES_TECHNOLOGY--> United States Evidence: View in article
“Fleet management in Europe: Growing importance in a world of changing mobility”, Deloitte Global, https://www2.deloitte.com/content/dam/Deloitte/cz/Documents/consumer-and-industrial/cz-fleet-management-in-europe.pdf, accessed 1 June 2020. View in article
“Fleet management in Europe: Growing importance in a world of changing mobility”, Deloitte Global, https://www2.deloitte.com/content/dam/Deloitte/cz/Documents/consumer-and-industrial/cz-fleet-management-in-europe.pdf, accessed 1 June 2020. View in article
“Fleet management in Europe: Growing importance in a world of changing mobility”, Deloitte Global, https://www2.deloitte.com/content/dam/Deloitte/cz/Documents/consumer-and-industrial/cz-fleet-management-in-europe.pdf, accessed 1 June 2020.",doc_44.txt; doc_15.txt; doc_54.txt; doc_70.txt; doc_5.txt; doc_32.txt; doc_64.txt; doc_9.txt,About --ACQUIRES|LOCATED_IN--> Americans; About --AFFECTED_BY--> BMW; About --AFFECTED_BY--> ICE; About --LOCATED_IN--> IoT; About --LOCATED_IN--> NextWave; About --USES_TECHNOLOGY--> Europe; About --USES_TECHNOLOGY--> Exhibit; Read --ACQUIRES--> About,Flat RAG,"This question asks for direct textual evidence, so passage retrieval is the more suitable baseline."
20,What are the strongest graph relationships found in the corpus?,"The graph in Fig 1 depicts the overall unemployment rate (%) in the UK from 2011 Q1 to 2021 (ONS, 2021). The graph in Fig 19 compares the actual and expected unemployment rates. Tesla
Electric Vehicle
Charging Station
Plug-in Hybrid
Each graph shows an increase in searches over the last 10 years for the words labeled below the graph.",doc_49.txt; doc_24.txt,"Graph context: What --AFFECTED_BY--> C-suite; What --DEVELOPS--> EV-charging; What --INVESTS_IN--> Jun; What --INVESTS_IN--> semiconductor; What --LOCATED_IN--> Alaska Airlines; What --LOCATED_IN--> Effective; What --LOCATED_IN--> New in the Monthly Energy Review; What --RELATED_TO--> Next for the EV Transition; What --RELATED_TO--> VinFast Q3; What --USES_TECHNOLOGY--> battery Evidence: We’ll continue to work closely with travel agencies to support them through this transition for our mutual customers.”

Our recent coverage: https://lnkd.in/euFS3UYh

American Airlines #airlineNDC #businesstravel #travelmanagement #corporatetravel #travelmanagementcompany
 
 
 

 Recurly
 

 
 Discover the secrets to lasting subscriber relationships with Alaska Airlines & The Guardian. We’ll continue to work closely with travel agencies to support them through this transition for our mutual customers.”

Our recent coverage: https://lnkd.in/euFS3UYh

American Airlines #airlineNDC #businesstravel #travelmanagement #corporatetravel #travelmanagementcompany
 
 
 

 Recurly
 

 
 Discover the secrets to lasting subscriber relationships with Alaska Airlines & The Guardian. Uncertainties and risk factors that could affect REE’s future performance and cause results to differ from the forward-looking statements in this release include, but are not limited to: REE’s ability to commercialize its strategic",doc_48.txt; doc_52.txt; doc_45.txt; doc_46.txt; doc_62.txt; doc_13.txt; doc_70.txt; doc_50.txt,What --AFFECTED_BY--> C-suite; What --DEVELOPS--> EV-charging; What --INVESTS_IN--> Jun; What --INVESTS_IN--> semiconductor; What --LOCATED_IN--> Alaska Airlines; What --LOCATED_IN--> Effective; What --LOCATED_IN--> New in the Monthly Energy Review; What --RELATED_TO--> Next for the EV Transition,GraphRAG,This question explicitly asks for graph structure or multi-hop paths.
